ubigeo,dpto,prov,dist,lat,lon,n,share
10101,"AMAZONAS","CHACHAPOYAS","CHACHAPOYAS",-6.2294,-77.8714,55,188.54342
10201,"AMAZONAS","BAGUA","BAGUA",-5.6389,-78.5319,99,379.44119
10205,"AMAZONAS","BAGUA","IMAZA",-5.16,-78.2903,12,49.336019
10307,"AMAZONAS","BONGARA","JAZAN",-5.9419,-77.9806,11,117.65964
10701,"AMAZONAS","UTCUBAMBA","BAGUA GRANDE",-5.7558,-78.4428,120,222.0865
10702,"AMAZONAS","UTCUBAMBA","CAJARURO",-5.7364,-78.4267,17,59.667965
20101,"ANCASH","HUARAZ","HUARAZ",-9.5272,-77.5333,233,354.84215
20105,"ANCASH","HUARAZ","INDEPENDENCIA",-9.5189,-77.5344,85,112.49487
20601,"ANCASH","CARHUAZ","CARHUAZ",-9.2806,-77.6469,15,95.468432
20801,"ANCASH","CASMA","CASMA",-9.475,-78.3036,46,136.70946
20804,"ANCASH","CASMA","YAUTAN",-9.5097,-77.9956,12,140.66346
21001,"ANCASH","HUARI","HUARI",-9.3478,-77.1725,17,163.10083
21014,"ANCASH","HUARI","SAN MARCOS",-9.525,-77.1575,27,178.87902
21101,"ANCASH","HUARMEY","HUARMEY",-10.0697,-78.1517,28,112.64886
21201,"ANCASH","HUAYLAS","CARAZ",-9.0472,-77.8108,13,48.616305
21601,"ANCASH","POMABAMBA","POMABAMBA",-8.8147,-77.4592,14,84.180146
21603,"ANCASH","POMABAMBA","PAROBAMBA",-8.6886,-77.4294,34,484.60661
21801,"ANCASH","SANTA","CHIMBOTE",-9.0758,-78.5842,978,452.70023
21803,"ANCASH","SANTA","COISHCO",-9.0239,-78.6181,186,1158.3733
21806,"ANCASH","SANTA","NEPENA",-9.1731,-78.3597,37,231.98947
21808,"ANCASH","SANTA","SANTA",-9.1156,-78.5314,155,736.657
21809,"ANCASH","SANTA","NUEVO CHIMBOTE",-9.2606,-78.4994,439,279.24255
22001,"ANCASH","YUNGAY","YUNGAY",-9.1375,-77.7475,12,53.756216
30101,"APURIMAC","ABANCAY","ABANCAY",-13.6367,-72.8792,61,107.26029
30201,"APURIMAC","ANDAHUAYLAS","ANDAHUAYLAS",-13.6561,-73.3847,62,132.59196
30216,"APURIMAC","ANDAHUAYLAS","TALAVERA",-13.6536,-73.4278,12,64.942093
40101,"AREQUIPA","AREQUIPA","AREQUIPA",-16.4008,-71.5378,272,518.83643
40102,"AREQUIPA","AREQUIPA","ALTO SELVA ALEGRE",-16.3706,-71.5272,94,110.29886
40103,"AREQUIPA","AREQUIPA","CAYMA",-16.3881,-71.5492,142,146.57611
40104,"AREQUIPA","AREQUIPA","CERRO COLORADO",-16.375,-71.5611,332,209.02063
40105,"AREQUIPA","AREQUIPA","CHARACATO",-16.4706,-71.4897,14,138.60014
40107,"AREQUIPA","AREQUIPA","JACOBO HUNTER",-16.4467,-71.5556,84,171.48107
40108,"AREQUIPA","AREQUIPA","LA JOYA",-16.4239,-71.8206,14,43.684473
40109,"AREQUIPA","AREQUIPA","MARIANO MELGAR",-16.4058,-71.5117,92,173.97553
40110,"AREQUIPA","AREQUIPA","MIRAFLORES",-16.395,-71.5211,97,201.06961
40112,"AREQUIPA","AREQUIPA","PAUCARPATA",-16.4233,-71.5083,156,123.75747
40117,"AREQUIPA","AREQUIPA","SACHACA",-16.4286,-71.5678,42,209.38232
40122,"AREQUIPA","AREQUIPA","SOCABAYA",-16.4522,-71.5308,112,133.65315
40123,"AREQUIPA","AREQUIPA","TIABAYA",-16.4489,-71.5908,21,141.77694
40124,"AREQUIPA","AREQUIPA","UCHUMAYO",-16.425,-71.6722,15,115.83012
40126,"AREQUIPA","AREQUIPA","YANAHUARA",-16.395,-71.5539,36,137.23173
40128,"AREQUIPA","AREQUIPA","YURA",-16.245,-71.6931,37,129.56997
40129,"AREQUIPA","AREQUIPA","JOSE LUIS BUSTAMANTE Y RIVERO",-16.4344,-71.5175,168,218.45134
40303,"AREQUIPA","CARAVELI","ATICO",-16.2089,-73.6258,33,799.4186
40520,"AREQUIPA","CAYLLOMA","MAJES",-16.3586,-72.1908,32,46.144085
40702,"AREQUIPA","ISLAY","COCACHACRA",-17.0942,-71.7711,12,134.81631
50101,"AYACUCHO","HUAMANGA","AYACUCHO",-13.1542,-74.2228,190,196.54291
50104,"AYACUCHO","HUAMANGA","CARMEN ALTO",-13.1722,-74.2242,21,93.762557
50110,"AYACUCHO","HUAMANGA","SAN JUAN BAUTISTA",-13.1658,-74.2222,69,130.34854
50115,"AYACUCHO","HUAMANGA","JESUS NAZARENO",-13.1531,-74.2114,11,58.463991
50116,"AYACUCHO","HUAMANGA","ANDRES AVELINO CACERES",-13.1617,-74.2106,28,125.24602
50401,"AYACUCHO","HUANTA","HUANTA",-12.9386,-74.2486,26,61.12182
50601,"AYACUCHO","LUCANAS","PUQUIO",-14.6914,-74.1283,14,98.82818
50701,"AYACUCHO","PARINACOCHAS","CORACORA",-15.0161,-73.7819,20,127.55916
60101,"CAJAMARCA","CAJAMARCA","CAJAMARCA",-7.1564,-78.5153,172,68.499425
60108,"CAJAMARCA","CAJAMARCA","LOS BANOS DEL INCA",-7.1617,-78.4633,21,48.385982
60401,"CAJAMARCA","CHOTA","CHOTA",-6.5631,-78.6508,20,40.897286
60701,"CAJAMARCA","HUALGAYOC","BAMBAMARCA",-6.6786,-78.5242,52,62.844436
60801,"CAJAMARCA","JAEN","JAEN",-5.7106,-78.8117,59,57.998938
60807,"CAJAMARCA","JAEN","POMAHUACA",-5.9322,-79.2289,21,206.0844
60810,"CAJAMARCA","JAEN","SAN FELIPE",-5.7697,-79.3136,18,287.2646
61301,"CAJAMARCA","SANTA CRUZ","SANTA CRUZ",-6.6267,-78.9464,73,587.24157
70101,"CALLAO","CALLAO","CALLAO",-12.0603,-77.1492,5050,1229.3236
70102,"CALLAO","CALLAO","BELLAVISTA",-12.0625,-77.1317,512,704.99139
70103,"CALLAO","CALLAO","CARMEN DE LA LEGUA REYNOSO",-12.0461,-77.0969,381,933.06884
70104,"CALLAO","CALLAO","LA PERLA",-12.0711,-77.1211,245,408.25849
70105,"CALLAO","CALLAO","LA PUNTA",-12.0717,-77.1692,22,690.95477
70106,"CALLAO","CALLAO","VENTANILLA",-11.8989,-77.1422,1170,291.01727
70107,"CALLAO","CALLAO","MI PERU",-11.855,-77.125,129,203.01533
80101,"CUSCO","CUSCO","CUSCO",-13.5153,-71.98,127,104.38328
80104,"CUSCO","CUSCO","SAN JERONIMO",-13.5439,-71.8872,60,124.41938
80105,"CUSCO","CUSCO","SAN SEBASTIAN",-13.5311,-71.9333,117,98.891068
80106,"CUSCO","CUSCO","SANTIAGO",-13.5272,-71.9842,61,66.421307
80108,"CUSCO","CUSCO","WANCHAQ",-13.5253,-71.9656,147,225.50163
80801,"CUSCO","ESPINAR","ESPINAR",-14.7931,-71.4133,26,76.538122
80901,"CUSCO","LA CONVENCION","SANTA ANA",-12.865,-72.6936,20,56.808499
90101,"HUANCAVELICA","HUANCAVELICA","HUANCAVELICA",-12.7869,-74.9756,74,179.2462
90117,"HUANCAVELICA","HUANCAVELICA","YAULI",-12.7731,-74.8506,31,89.706861
90118,"HUANCAVELICA","HUANCAVELICA","ASCENSION",-12.7842,-74.9806,14,110.14082
90203,"HUANCAVELICA","ACOBAMBA","ANTA",-12.8139,-74.6364,24,247.14242
90206,"HUANCAVELICA","ACOBAMBA","PAUCARA",-12.7303,-74.6694,27,70.117122
90301,"HUANCAVELICA","ANGARAES","LIRCAY",-12.9842,-74.7203,51,201.31844
100101,"HUANUCO","HUANUCO","HUANUCO",-9.9269,-76.2403,112,126.49364
100102,"HUANUCO","HUANUCO","AMARILIS",-9.9456,-76.2417,97,121.94355
100111,"HUANUCO","HUANUCO","PILLCO MARCA",-9.9578,-76.2492,61,217.00462
100201,"HUANUCO","AMBO","AMBO",-10.1294,-76.2047,12,69.252078
100501,"HUANUCO","HUAMALIES","LLATA",-9.5506,-76.8156,76,496.76449
100601,"HUANUCO","LEONCIO PRADO","RUPA-RUPA",-9.2944,-75.9969,41,79.283739
100604,"HUANUCO","LEONCIO PRADO","JOSE CRESPO Y CASTILLO",-8.9319,-76.1147,35,137.779
100901,"HUANUCO","PUERTO INCA","PUERTO INCA",-9.3775,-74.9733,13,172.45954
110101,"ICA","ICA","ICA",-14.0678,-75.7319,394,293.4845
110102,"ICA","ICA","LA TINGUINA",-14.035,-75.7092,31,83.990355
110103,"ICA","ICA","LOS AQUIJES",-14.0978,-75.6911,21,105.06829
110105,"ICA","ICA","PACHACUTEC",-14.1528,-75.6925,19,273.42064
110106,"ICA","ICA","PARCONA",-14.0453,-75.7058,64,113.60409
110108,"ICA","ICA","SALAS",-13.9861,-75.7733,16,65.154538
110110,"ICA","ICA","SAN JUAN BAUTISTA",-14.0114,-75.7372,25,164.32233
110111,"ICA","ICA","SANTIAGO",-14.1922,-75.7142,35,115.46201
110112,"ICA","ICA","SUBTANJALLA",-14.0194,-75.7597,51,175.48085
110201,"ICA","CHINCHA","CHINCHA ALTA",-13.42,-76.1356,301,460.79422
110204,"ICA","CHINCHA","CHINCHA BAJA",-13.4597,-76.1647,21,167.51755
110206,"ICA","CHINCHA","GROCIO PRADO",-13.3986,-76.1592,56,224.80931
110207,"ICA","CHINCHA","PUEBLO NUEVO",-13.4019,-76.1269,95,150.0861
110210,"ICA","CHINCHA","SUNAMPE",-13.4269,-76.1647,90,316.51134
110211,"ICA","CHINCHA","TAMBO DE MORA",-13.4592,-76.1839,18,352.25049
110301,"ICA","NASCA","NASCA",-14.8328,-74.9361,92,337.62707
110304,"ICA","NASCA","MARCONA",-15.3619,-75.1681,56,447.64189
110305,"ICA","NASCA","VISTA ALEGRE",-14.8453,-74.9469,29,181.98933
110401,"ICA","PALPA","PALPA",-14.5339,-75.1839,123,1689.7926
110403,"ICA","PALPA","RIO GRANDE",-14.5194,-75.2006,35,1565.2952
110501,"ICA","PISCO","PISCO",-13.7086,-76.2075,117,213.83142
110506,"ICA","PISCO","SAN ANDRES",-13.7311,-76.2211,44,320.39613
110507,"ICA","PISCO","SAN CLEMENTE",-13.6839,-76.1592,30,133.04949
110508,"ICA","PISCO","TUPAC AMARU INCA",-13.7119,-76.1492,19,103.45203
120101,"JUNIN","HUANCAYO","HUANCAYO",-12.0703,-75.2139,168,141.14682
120107,"JUNIN","HUANCAYO","CHILCA",-12.0817,-75.2028,90,102.28086
120114,"JUNIN","HUANCAYO","EL TAMBO",-12.055,-75.2206,204,122.77101
120119,"JUNIN","HUANCAYO","HUANCAN",-12.1064,-75.2186,20,91.979397
120125,"JUNIN","HUANCAYO","PILCOMAYO",-12.0497,-75.2528,33,193.41226
120129,"JUNIN","HUANCAYO","SAN AGUSTIN",-11.9914,-75.2481,13,108.74111
120133,"JUNIN","HUANCAYO","SAPALLANGA",-12.1403,-75.1597,14,108.70409
120201,"JUNIN","CONCEPCION","CONCEPCION",-11.9181,-75.3161,20,133.2445
120301,"JUNIN","CHANCHAMAYO","CHANCHAMAYO",-11.0558,-75.3292,103,414.22022
120302,"JUNIN","CHANCHAMAYO","PERENE",-10.9522,-75.2244,35,45.082759
120303,"JUNIN","CHANCHAMAYO","PICHANAQUI",-10.9303,-74.8728,22,30.727115
120305,"JUNIN","CHANCHAMAYO","SAN RAMON",-11.1214,-75.3528,12,43.431053
120401,"JUNIN","JAUJA","JAUJA",-11.7761,-75.4992,19,130.70996
120501,"JUNIN","JUNIN","JUNIN",-11.1597,-75.9956,74,779.60388
120502,"JUNIN","JUNIN","CARHUAMAYO",-10.9233,-76.0569,17,218.84655
120601,"JUNIN","SATIPO","SATIPO",-11.2531,-74.6372,24,55.104009
120604,"JUNIN","SATIPO","MAZAMARI",-11.4056,-74.7519,17,26.148214
120606,"JUNIN","SATIPO","PANGOA",-11.2086,-74.6597,40,66.020764
120607,"JUNIN","SATIPO","RIO NEGRO",-11.1469,-74.31,14,47.863248
120701,"JUNIN","TARMA","TARMA",-11.4206,-75.6908,60,130.0672
120705,"JUNIN","TARMA","LA UNION",-11.3756,-75.7547,12,384.12292
120801,"JUNIN","YAULI","LA OROYA",-11.5206,-75.9014,31,246.48167
120808,"JUNIN","YAULI","SANTA ROSA DE SACCO",-11.5617,-75.95,20,192.06761
120901,"JUNIN","CHUPACA","CHUPACA",-12.0625,-75.2897,31,138.34962
120905,"JUNIN","CHUPACA","HUAMANCACA CHICO",-12.0797,-75.245,55,897.8126
130101,"LA LIBERTAD","TRUJILLO","TRUJILLO",-8.1094,-79.0333,683,207.51868
130102,"LA LIBERTAD","TRUJILLO","EL PORVENIR",-8.0819,-79.0025,142,72.326099
130103,"LA LIBERTAD","TRUJILLO","FLORENCIA DE MORA",-8.0808,-79.0236,84,195.44883
130104,"LA LIBERTAD","TRUJILLO","HUANCHACO",-8.0814,-79.1214,273,377.92267
130105,"LA LIBERTAD","TRUJILLO","LA ESPERANZA",-8.0781,-79.0453,188,98.490683
130106,"LA LIBERTAD","TRUJILLO","LAREDO",-8.0911,-78.9611,64,176.0515
130107,"LA LIBERTAD","TRUJILLO","MOCHE",-8.1722,-79.0111,35,97.370983
130109,"LA LIBERTAD","TRUJILLO","SALAVERRY",-8.2231,-78.9781,23,120.45038
130111,"LA LIBERTAD","TRUJILLO","VICTOR LARCO HERRERA",-8.1439,-79.0558,138,207.18543
130206,"LA LIBERTAD","ASCOPE","RAZURI",-7.7025,-79.4406,16,170.9767
130207,"LA LIBERTAD","ASCOPE","SANTIAGO DE CAO",-7.9608,-79.2392,15,75.392039
130401,"LA LIBERTAD","CHEPEN","CHEPEN",-7.2267,-79.4292,202,404.5907
130702,"LA LIBERTAD","PACASMAYO","GUADALUPE",-7.2428,-79.4717,33,73.28285
130704,"LA LIBERTAD","PACASMAYO","PACASMAYO",-7.4006,-79.5686,18,63.251107
130705,"LA LIBERTAD","PACASMAYO","SAN JOSE",-7.3494,-79.4569,18,140.73495
130808,"LA LIBERTAD","PATAZ","PARCOY",-8.035,-77.4817,203,904.55396
131201,"LA LIBERTAD","VIRU","VIRU",-8.4156,-78.7511,45,63.244884
131202,"LA LIBERTAD","VIRU","CHAO",-8.5394,-78.6825,93,217.39639
131203,"LA LIBERTAD","VIRU","GUADALUPITO",-8.9519,-78.6258,29,285.26461
140101,"LAMBAYEQUE","CHICLAYO","CHICLAYO",-6.7736,-79.8397,1546,517.98021
140102,"LAMBAYEQUE","CHICLAYO","CHONGOYAPE",-6.6428,-79.3842,19,104.96658
140103,"LAMBAYEQUE","CHICLAYO","ETEN",-6.9072,-79.8644,67,632.13511
140104,"LAMBAYEQUE","CHICLAYO","ETEN PUERTO",-6.9269,-79.8664,13,601.85185
140105,"LAMBAYEQUE","CHICLAYO","JOSE LEONARDO ORTIZ",-6.7592,-79.8408,811,407.243
140106,"LAMBAYEQUE","CHICLAYO","LA VICTORIA",-6.7883,-79.8367,334,358.87352
140108,"LAMBAYEQUE","CHICLAYO","MONSEFU",-6.8786,-79.8714,201,622.02141
140110,"LAMBAYEQUE","CHICLAYO","OYOTUN",-6.8458,-79.2981,29,293.55198
140111,"LAMBAYEQUE","CHICLAYO","PICSI",-6.7186,-79.7708,48,481.6859
140112,"LAMBAYEQUE","CHICLAYO","PIMENTEL",-6.8369,-79.9361,133,288.65979
140113,"LAMBAYEQUE","CHICLAYO","REQUE",-6.8644,-79.8181,32,207.98128
140114,"LAMBAYEQUE","CHICLAYO","SANTA ROSA",-6.88,-79.9231,98,752.11051
140115,"LAMBAYEQUE","CHICLAYO","SANA",-6.9233,-79.5839,12,96.797612
140116,"LAMBAYEQUE","CHICLAYO","CAYALTI",-6.8917,-79.5617,29,182.21803
140117,"LAMBAYEQUE","CHICLAYO","PATAPO",-6.7386,-79.6406,17,74.421048
140118,"LAMBAYEQUE","CHICLAYO","POMALCA",-6.7667,-79.7728,110,425.84492
140119,"LAMBAYEQUE","CHICLAYO","PUCALA",-6.78,-79.6122,17,189.7745
140120,"LAMBAYEQUE","CHICLAYO","TUMAN",-6.7478,-79.7017,68,221.40462
140201,"LAMBAYEQUE","FERRENAFE","FERRENAFE",-6.6394,-79.7911,575,1600.8241
140202,"LAMBAYEQUE","FERRENAFE","CANARIS",-6.0447,-79.2647,13,87.915061
140204,"LAMBAYEQUE","FERRENAFE","MANUEL ANTONIO MESONES MURO",-6.6456,-79.7361,17,399.62388
140205,"LAMBAYEQUE","FERRENAFE","PITIPO",-6.5664,-79.7808,50,206.49211
140206,"LAMBAYEQUE","FERRENAFE","PUEBLO NUEVO",-6.6367,-79.7947,176,1292.3122
140301,"LAMBAYEQUE","LAMBAYEQUE","LAMBAYEQUE",-6.7006,-79.9072,391,489.27597
140303,"LAMBAYEQUE","LAMBAYEQUE","ILLIMO",-6.4733,-79.8531,55,584.17419
140304,"LAMBAYEQUE","LAMBAYEQUE","JAYANCA",-6.3881,-79.8211,42,232.82887
140305,"LAMBAYEQUE","LAMBAYEQUE","MOCHUMI",-6.5467,-79.8647,78,400.67807
140306,"LAMBAYEQUE","LAMBAYEQUE","MORROPE",-6.54,-80.0128,140,295.01633
140307,"LAMBAYEQUE","LAMBAYEQUE","MOTUPE",-6.1536,-79.7153,75,277.93218
140308,"LAMBAYEQUE","LAMBAYEQUE","OLMOS",-5.9883,-79.75,84,201.9862
140309,"LAMBAYEQUE","LAMBAYEQUE","PACORA",-6.4275,-79.84,57,780.92889
140310,"LAMBAYEQUE","LAMBAYEQUE","SALAS",-6.2736,-79.6044,30,229.77941
140311,"LAMBAYEQUE","LAMBAYEQUE","SAN JOSE",-6.7703,-79.9686,28,166.16225
140312,"LAMBAYEQUE","LAMBAYEQUE","TUCUME",-6.5097,-79.8594,41,176.05634
150101,"LIMA","LIMA","LIMA",-12.0467,-77.0322,4259,1578.2374
150102,"LIMA","LIMA","ANCON",-11.7764,-77.1703,214,508.02393
150103,"LIMA","LIMA","ATE",-12.0256,-76.9242,3544,527.25542
150104,"LIMA","LIMA","BARRANCO",-12.1494,-77.0247,234,795.26917
150105,"LIMA","LIMA","BRENA",-12.0567,-77.0536,798,1051.6328
150106,"LIMA","LIMA","CARABAYLLO",-11.8583,-77.0419,1224,379.02247
150107,"LIMA","LIMA","CHACLACAYO",-11.9783,-76.7642,314,699.48764
150108,"LIMA","LIMA","CHORRILLOS",-12.1742,-77.0247,1618,474.03918
150109,"LIMA","LIMA","CIENEGUILLA",-12.1178,-76.8125,78,154.49828
150110,"LIMA","LIMA","COMAS",-11.95,-77.05,3193,585.13611
150111,"LIMA","LIMA","EL AGUSTINO",-12.0433,-76.9986,3019,1521.9342
150112,"LIMA","LIMA","INDEPENDENCIA",-12.0008,-77.0522,1303,582.14603
150113,"LIMA","LIMA","JESUS MARIA",-12.0697,-77.045,1171,1608.4281
150114,"LIMA","LIMA","LA MOLINA",-12.0875,-76.9339,627,343.36785
150115,"LIMA","LIMA","LA VICTORIA",-12.0653,-77.0308,2785,1645.3004
150116,"LIMA","LIMA","LINCE",-12.0811,-77.0306,397,796.66085
150117,"LIMA","LIMA","LOS OLIVOS",-11.9828,-77.0694,1722,440.7
150118,"LIMA","LIMA","LURIGANCHO",-11.9372,-76.7036,548,235.2921
150119,"LIMA","LIMA","LURIN",-12.2686,-76.8847,435,478.97994
150120,"LIMA","LIMA","MAGDALENA DEL MAR",-12.0967,-77.0747,419,751.0845
150121,"LIMA","LIMA","PUEBLO LIBRE",-12.0733,-77.0631,540,698.37821
150122,"LIMA","LIMA","MIRAFLORES",-12.1175,-77.0453,667,804.60325
150123,"LIMA","LIMA","PACHACAMAC",-12.2286,-76.8597,223,160.35436
150124,"LIMA","LIMA","PUCUSANA",-12.4825,-76.7964,99,541.45701
150125,"LIMA","LIMA","PUENTE PIEDRA",-11.8464,-77.1058,1931,509.6197
150126,"LIMA","LIMA","PUNTA HERMOSA",-12.3375,-76.8258,24,296.15005
150127,"LIMA","LIMA","PUNTA NEGRA",-12.3661,-76.7947,25,294.11765
150128,"LIMA","LIMA","RIMAC",-12.0294,-77.0436,1928,1165.2997
150129,"LIMA","LIMA","SAN BARTOLO",-12.3883,-76.7806,30,365.85366
150130,"LIMA","LIMA","SAN BORJA",-12.1078,-76.9989,742,648.15381
150131,"LIMA","LIMA","SAN ISIDRO",-12.0989,-77.0344,444,817.70968
150132,"LIMA","LIMA","SAN JUAN DE LURIGANCHO",-12.0244,-77.0025,5703,493.2111
150133,"LIMA","LIMA","SAN JUAN DE MIRAFLORES",-12.1589,-76.9722,2271,537.65605
150134,"LIMA","LIMA","SAN LUIS",-12.0728,-76.9975,525,884.18074
150135,"LIMA","LIMA","SAN MARTIN DE PORRES",-12.0303,-77.0469,4190,565.13406
150136,"LIMA","LIMA","SAN MIGUEL",-12.09,-77.0864,946,678.62754
150137,"LIMA","LIMA","SANTA ANITA",-12.0433,-76.985,2142,885.02888
150139,"LIMA","LIMA","SANTA ROSA",-11.7983,-77.1775,44,218.77486
150140,"LIMA","LIMA","SANTIAGO DE SURCO",-12.1506,-77.0078,1482,408.05875
150141,"LIMA","LIMA","SURQUILLO",-12.1136,-77.0081,725,780.34184
150142,"LIMA","LIMA","VILLA EL SALVADOR",-12.2164,-76.9433,2642,539.64292
150143,"LIMA","LIMA","VILLA MARIA DEL TRIUNFO",-12.1572,-76.9528,1900,401.66076
150201,"LIMA","BARRANCA","BARRANCA",-10.7564,-77.7603,57,77.56685
150202,"LIMA","BARRANCA","PARAMONGA",-10.6742,-77.8197,18,80.454119
150203,"LIMA","BARRANCA","PATIVILCA",-10.6961,-77.7792,11,54.912141
150204,"LIMA","BARRANCA","SUPE",-10.7992,-77.7133,22,94.238595
150205,"LIMA","BARRANCA","SUPE PUERTO",-10.8003,-77.7447,21,176.50025
150407,"LIMA","CANTA","SANTA ROSA DE QUIVES",-11.6928,-76.8444,17,202.67048
150501,"LIMA","CANETE","SAN VICENTE DE CANETE",-13.0825,-76.3883,199,342.56597
150502,"LIMA","CANETE","ASIA",-12.7789,-76.5572,11,111.08867
150504,"LIMA","CANETE","CERRO AZUL",-13.0267,-76.4794,18,212.03911
150505,"LIMA","CANETE","CHILCA",-12.5172,-76.7361,47,287.46177
150507,"LIMA","CANETE","IMPERIAL",-13.0608,-76.35,169,411.82348
150509,"LIMA","CANETE","MALA",-12.6553,-76.63,85,236.57769
150510,"LIMA","CANETE","NUEVO IMPERIAL",-13.0742,-76.3158,63,255.85834
150512,"LIMA","CANETE","QUILMANA",-12.95,-76.3828,32,202.23725
150513,"LIMA","CANETE","SAN ANTONIO",-12.6431,-76.65,20,457.5612
150514,"LIMA","CANETE","SAN LUIS",-13.0508,-76.4294,31,230.99851
150601,"LIMA","HUARAL","HUARAL",-11.4914,-77.2053,354,338.39977
150604,"LIMA","HUARAL","AUCALLAMA",-11.5592,-77.1744,15,73.363983
150605,"LIMA","HUARAL","CHANCAY",-11.5669,-77.2658,209,321.46922
150709,"LIMA","HUAROCHIRI","HUAROCHIRI",-12.1381,-76.2344,20,1598.721
150714,"LIMA","HUAROCHIRI","RICARDO PALMA",-11.925,-76.6617,20,314.56433
150716,"LIMA","HUAROCHIRI","SAN ANTONIO",-11.7439,-76.6519,58,1002.5929
150728,"LIMA","HUAROCHIRI","SANTA EULALIA",-11.9106,-76.6656,25,200.38474
150732,"LIMA","HUAROCHIRI","SURCO",-11.885,-76.4425,18,912.31627
150801,"LIMA","HUAURA","HUACHO",-11.1069,-77.61,117,194.36507
150803,"LIMA","HUAURA","CALETA DE CARQUIN",-11.0917,-77.6278,17,240.96386
150805,"LIMA","HUAURA","HUALMAY",-11.1014,-77.61,49,166.395
150806,"LIMA","HUAURA","HUAURA",-11.0692,-77.6003,45,122.30587
150810,"LIMA","HUAURA","SANTA MARIA",-11.0883,-77.5883,45,128.08835
150811,"LIMA","HUAURA","SAYAN",-11.1364,-77.1917,25,100.23656
150812,"LIMA","HUAURA","VEGUETA",-11.0225,-77.6425,15,64.960374
160101,"LORETO","MAYNAS","IQUITOS",-3.7497,-73.2619,1097,726.14383
160103,"LORETO","MAYNAS","FERNANDO LORES",-4.0064,-73.1525,19,92.027511
160104,"LORETO","MAYNAS","INDIANA",-3.4983,-73.0444,52,461.27916
160107,"LORETO","MAYNAS","NAPO",-2.4936,-73.6806,16,95.837077
160108,"LORETO","MAYNAS","PUNCHANA",-3.7289,-73.2447,405,429.93174
160112,"LORETO","MAYNAS","BELEN",-3.7644,-73.2444,208,267.89969
160113,"LORETO","ALTO AMAZONAS","SAN JUAN BAUTISTA",-3.7742,-73.2864,308,190.33612
160201,"LORETO","ALTO AMAZONAS","YURIMAGUAS",-5.8944,-76.1094,136,183.66713
160301,"LORETO","LORETO","NAUTA",-4.4567,-73.5261,57,186.08599
160401,"LORETO","MARISCAL RAMON CASTILLA","RAMON CASTILLA",-3.9078,-70.5178,111,443.64508
160601,"LORETO","UCAYALI","CONTAMANA",-7.325,-75.0414,14,49.82561
160701,"LORETO","DATEM DEL MARANON","BARRANCA",-4.8219,-76.5642,23,163.78267
160703,"LORETO","DATEM DEL MARANON","MANSERICHE",-4.565,-77.4183,12,112.07621
170101,"MADRE DE DIOS","TAMBOPATA","TAMBOPATA",-12.5972,-69.1875,239,283.82439
170301,"MADRE DE DIOS","TAHUAMANU","INAPARI",-10.9544,-69.5814,13,783.60458
180101,"MOQUEGUA","MARISCAL NIETO","MOQUEGUA",-17.195,-70.9369,143,240.79344
180301,"MOQUEGUA","ILO","ILO",-17.6444,-71.345,150,217.14269
190101,"PASCO","PASCO","CHAUPIMARCA",-10.6828,-76.2556,59,229.3578
190103,"PASCO","PASCO","HUARIACA",-10.4428,-76.1889,21,253.68446
190104,"PASCO","PASCO","HUAYLLAY",-11.0044,-76.3681,22,190.24559
190107,"PASCO","PASCO","PAUCARTAMBO",-10.7731,-75.8128,12,47.865975
190109,"PASCO","PASCO","SIMON BOLIVAR",-10.6897,-76.3175,21,184.14591
190113,"PASCO","PASCO","YANACANCHA",-10.6689,-76.2556,44,142.89426
190201,"PASCO","DANIEL ALCIDES CARRION","YANAHUANCA",-10.4925,-76.5169,19,146.57101
190301,"PASCO","OXAPAMPA","OXAPAMPA",-10.5728,-75.4039,20,138.52334
190307,"PASCO","OXAPAMPA","VILLA RICA",-10.7364,-75.2722,27,130.85833
200101,"PIURA","PIURA","PIURA",-5.1942,-80.6289,746,472.05032
200104,"PIURA","PIURA","CASTILLA",-5.2006,-80.6211,631,427.66324
200105,"PIURA","PIURA","CATACAOS",-5.2697,-80.6764,133,178.37504
200109,"PIURA","PIURA","LA ARENA",-5.3464,-80.7108,29,75.35795
200110,"PIURA","PIURA","LA UNION",-5.4031,-80.7433,68,162.92889
200111,"PIURA","PIURA","LAS LOMAS",-4.6578,-80.2442,21,76.951264
200114,"PIURA","PIURA","TAMBO GRANDE",-4.9331,-80.3414,86,69.719178
200115,"PIURA","PIURA","VEINTISEIS DE OCTUBRE",-5.1847,-80.6703,382,251.45475
200210,"PIURA","AYABACA","SUYO",-4.5139,-80.0031,18,144.33486
200401,"PIURA","MORROPON","CHULUCANAS",-5.0969,-80.1642,107,139.29571
200405,"PIURA","MORROPON","MORROPON",-5.1861,-79.9717,19,133.42697
200501,"PIURA","PAITA","PAITA",-5.0883,-81.1164,192,198.53785
200504,"PIURA","PAITA","COLAN",-4.9092,-81.0572,32,253.46535
200601,"PIURA","SULLANA","SULLANA",-4.9044,-80.7047,500,276.40191
200602,"PIURA","SULLANA","BELLAVISTA",-4.8908,-80.6808,89,230.44458
200603,"PIURA","SULLANA","IGNACIO ESCUDERO",-4.8458,-80.8747,18,87.796313
200605,"PIURA","SULLANA","MARCAVELICA",-4.8814,-80.7061,21,71.401856
200606,"PIURA","SULLANA","MIGUEL CHECA",-4.9025,-80.8169,13,146.7103
200607,"PIURA","SULLANA","QUERECOTILLO",-4.84,-80.6519,12,46.738072
200608,"PIURA","SULLANA","SALITRAL",-4.8583,-80.6794,12,175.59263
200701,"PIURA","TALARA","PARINAS",-4.5811,-81.2747,146,159.95092
200705,"PIURA","TALARA","LOS ORGANOS",-4.1789,-81.1322,27,283.91167
200801,"PIURA","SECHURA","SECHURA",-5.5567,-80.8217,55,123.85435
200805,"PIURA","SECHURA","VICE",-5.4231,-80.7767,11,75.993092
210101,"PUNO","PUNO","PUNO",-15.8406,-70.0278,87,59.550293
211101,"PUNO","SAN ROMAN","JULIACA",-15.4939,-70.1356,59,25.082794
220101,"SAN MARTIN","MOYOBAMBA","MOYOBAMBA",-6.0283,-76.9719,177,201.51879
220105,"SAN MARTIN","MOYOBAMBA","SORITOR",-6.1408,-77.105,13,36.275358
220201,"SAN MARTIN","BELLAVISTA","BELLAVISTA",-7.0653,-76.5883,19,139.26556
220206,"SAN MARTIN","BELLAVISTA","SAN RAFAEL",-7.0308,-76.4764,20,259.53802
220501,"SAN MARTIN","LAMAS","LAMAS",-6.4217,-76.5211,15,119.7318
220510,"SAN MARTIN","LAMAS","TABALOSOS",-6.3856,-76.6333,12,88.941595
220601,"SAN MARTIN","MARISCAL CACERES","JUANJUI",-7.1819,-76.7317,30,112.51969
220701,"SAN MARTIN","PICOTA","PICOTA",-6.9194,-76.3317,14,168.39067
220707,"SAN MARTIN","PICOTA","SAN HILARION",-7.0022,-76.4428,63,1094.5101
220801,"SAN MARTIN","RIOJA","RIOJA",-6.0589,-77.1669,24,99.083478
220901,"SAN MARTIN","SAN MARTIN","TARAPOTO",-6.4969,-76.3664,116,153.32558
220904,"SAN MARTIN","SAN MARTIN","CHAZUTA",-6.5739,-76.0931,11,134.04826
220909,"SAN MARTIN","SAN MARTIN","LA BANDA DE SHILCAYO",-6.5033,-76.3514,32,73.401229
220910,"SAN MARTIN","SAN MARTIN","MORALES",-6.4797,-76.3828,17,55.116068
221001,"SAN MARTIN","TOCACHE","TOCACHE",-8.1883,-76.5153,33,129.95707
221005,"SAN MARTIN","TOCACHE","UCHIZA",-8.4558,-76.46,20,99.024608
230101,"TACNA","TACNA","TACNA",-18.01,-70.2478,169,209.04199
230102,"TACNA","TACNA","ALTO DE LA ALIANZA",-17.9908,-70.2475,29,71.337204
230104,"TACNA","TACNA","CIUDAD NUEVA",-17.985,-70.2378,19,48.643113
230110,"TACNA","TACNA","CORONEL GREGORIO ALBARRACIN LANCHIPA",-18.0408,-70.2542,62,50.136663
240101,"TUMBES","TUMBES","TUMBES",-3.5647,-80.4536,361,312.38642
240102,"TUMBES","TUMBES","CORRALES",-3.6022,-80.4797,66,268.7187
240103,"TUMBES","TUMBES","LA CRUZ",-3.6378,-80.5925,16,169.41974
240201,"TUMBES","CONTRALMIRANTE VILLAR","ZORRITOS",-3.6806,-80.6783,34,265.93664
240202,"TUMBES","CONTRALMIRANTE VILLAR","CASITAS",-3.9406,-80.6519,11,526.81992
240301,"TUMBES","ZARUMILLA","ZARUMILLA",-3.5011,-80.275,24,103.68066
240302,"TUMBES","ZARUMILLA","AGUAS VERDES",-3.4814,-80.2461,54,217.90888
240304,"TUMBES","ZARUMILLA","PAPAYAL",-3.5736,-80.2333,11,205.68437
250101,"UCAYALI","CORONEL PORTILLO","CALLERIA",-8.3828,-74.5322,1214,761.77807
250105,"UCAYALI","CORONEL PORTILLO","YARINACOCHA",-8.355,-74.5769,549,542.88709
250107,"UCAYALI","CORONEL PORTILLO","MANANTAY",-8.3981,-74.5378,336,404.62428
250201,"UCAYALI","ATALAYA","RAYMONDI",-10.7278,-73.7592,11,31.330998
250301,"UCAYALI","PADRE ABAD","PADRE ABAD",-9.0375,-75.5128,55,206.65815
